{"cameraMode":{"drawMode":0,"name":"Shaded","section":"Shading Mode"},"sceneLighting":true,"audioPlay":false,"sceneViewState":{"m_AlwaysRefresh":false,"showFog":true,"showSkybox":true,"showFlares":true,"showImageEffects":true,"showParticleSystems":true,"showVisualEffectGraphs":true,"m_FxEnabled":true},"in2DMode":false,"pivot":{"x":-0.24301345646381379,"y":0.9900000095367432,"z":-1.9476872682571412},"rotation":{"x":-0.11384832859039307,"y":-0.7051687836647034,"z":0.11633384227752686,"w":-0.690104067325592},"size":1.830551028251648,"orthographic":true}